# Test Case Name: TIME类型算术运算测试
# Description: 测试TIME类型的算术运算
# Category: datatype/time

statement ok
DROP TABLE IF EXISTS test_time_arithmetic;

statement ok
CREATE TABLE test_time_arithmetic(
    id INT,
    base_time TIME
);

statement ok
INSERT INTO test_time_arithmetic VALUES(1, TIME '10:00:00');

query II
SELECT id, base_time + INTERVAL '2' HOUR FROM test_time_arithmetic;
----
1 12:00:00

query II
SELECT id, base_time - INTERVAL '30' MINUTE FROM test_time_arithmetic;
----
1 09:30:00

query II
SELECT id, base_time + INTERVAL '45' SECOND FROM test_time_arithmetic;
----
1 10:00:45

statement ok
DROP TABLE test_time_arithmetic;
