# Test Case Name: TIME WITH TIME ZONE的NULL值测试
# Description: 测试TIME WITH TIME ZONE类型的NULL值处理
# Category: datatype/time_with_timezone

statement ok
DROP TABLE IF EXISTS test_time_tz_null;

statement ok
CREATE TABLE test_time_tz_null(
    id INT,
    nullable_time TIME WITH TIME ZONE,
    not_null_time TIME WITH TIME ZONE NOT NULL
);

statement ok
INSERT INTO test_time_tz_null VALUES(1, NULL, TIME '12:00:00 +8:00');

statement ok
INSERT INTO test_time_tz_null VALUES(2, TIME '09:30:00 -5:00', TIME '17:30:00 +0:00');

query III
SELECT * FROM test_time_tz_null ORDER BY id;
----
1 NULL 12:00:00 +08:00
2 09:30:00 -05:00 17:30:00 +00:00

query I
SELECT COUNT(*) FROM test_time_tz_null WHERE nullable_time IS NULL;
----
1

statement ok
DROP TABLE test_time_tz_null;
