# Test Case Name: INTERVAL YEAR日期运算测试
# Description: 测试INTERVAL YEAR类型与DATE类型的运算
# Category: datatype/interval

statement ok
DROP TABLE IF EXISTS test_interval_year_date;

statement ok
CREATE TABLE test_interval_year_date(
    id INT,
    base_date DATE
);

statement ok
INSERT INTO test_interval_year_date VALUES(1, DATE '2023-10-15');

query II
SELECT id, base_date + INTERVAL '5' YEAR(2) FROM test_interval_year_date;
----
1 2028-10-15

query II
SELECT id, base_date - INTERVAL '10' YEAR(2) FROM test_interval_year_date;
----
1 2013-10-15

statement ok
DROP TABLE test_interval_year_date;
