# Test Case Name: INTERVAL MINUTE TO SECOND时间运算测试
# Description: 测试INTERVAL MINUTE TO SECOND类型与TIME/TIMESTAMP类型的运算
# Category: datatype/interval

statement ok
DROP TABLE IF EXISTS test_interval_minute_second_arithmetic;

statement ok
CREATE TABLE test_interval_minute_second_arithmetic(
    id INT,
    base_time TIME,
    base_timestamp TIMESTAMP
);

statement ok
INSERT INTO test_interval_minute_second_arithmetic VALUES(1, TIME '10:00:00', TIMESTAMP '2023-10-15 10:00:00');

query III
SELECT id, base_time + INTERVAL '30:45.5' MINUTE(2) TO SECOND(1), base_timestamp + INTERVAL '30:45.5' MINUTE(2) TO SECOND(1) FROM test_interval_minute_second_arithmetic;
----
1 10:30:45.5 2023-10-15 10:30:45.500000

query III
SELECT id, base_time - INTERVAL '15:30.0' MINUTE(2) TO SECOND(1), base_timestamp - INTERVAL '15:30.0' MINUTE(2) TO SECOND(1) FROM test_interval_minute_second_arithmetic;
----
1 09:44:30.0 2023-10-15 09:44:30.000000

statement ok
DROP TABLE test_interval_minute_second_arithmetic;
