# Test Case Name: INTERVAL DAY TO SECOND时间运算测试
# Description: 测试INTERVAL DAY TO SECOND类型与TIMESTAMP类型的运算
# Category: datatype/interval

statement ok
DROP TABLE IF EXISTS test_interval_day_second_arithmetic;

statement ok
CREATE TABLE test_interval_day_second_arithmetic(
    id INT,
    base_timestamp TIMESTAMP
);

statement ok
INSERT INTO test_interval_day_second_arithmetic VALUES(1, TIMESTAMP '2023-10-15 10:00:00');

query II
SELECT id, base_timestamp + INTERVAL '3 12:30:45.5' DAY(2) TO SECOND(1) FROM test_interval_day_second_arithmetic;
----
1 2023-10-18 22:30:45.500000

query II
SELECT id, base_timestamp - INTERVAL '1 6:15:30.0' DAY(2) TO SECOND(1) FROM test_interval_day_second_arithmetic;
----
1 2023-10-14 03:44:30.000000

statement ok
DROP TABLE test_interval_day_second_arithmetic;
