# Test Case Name: INTERVAL HOUR TO SECOND时间运算测试
# Description: 测试INTERVAL HOUR TO SECOND类型与TIME/TIMESTAMP类型的运算
# Category: datatype/interval

statement ok
DROP TABLE IF EXISTS test_interval_hour_second_arithmetic;

statement ok
CREATE TABLE test_interval_hour_second_arithmetic(
    id INT,
    base_time TIME,
    base_timestamp TIMESTAMP
);

statement ok
INSERT INTO test_interval_hour_second_arithmetic VALUES(1, TIME '10:00:00', TIMESTAMP '2023-10-15 10:00:00');

query III
SELECT id, base_time + INTERVAL '05:30:45.5' HOUR(2) TO SECOND(1), base_timestamp + INTERVAL '05:30:45.5' HOUR(2) TO SECOND(1) FROM test_interval_hour_second_arithmetic;
----
1 0-00-00 15:30:46 2023-10-15 15:30:45.500000

query III
SELECT id, base_time - INTERVAL '02:15:30.0' HOUR(2) TO SECOND(1), base_timestamp - INTERVAL '02:15:30.0' HOUR(2) TO SECOND(1) FROM test_interval_hour_second_arithmetic;
----
1 0-00-00 07:44:30 2023-10-15 07:44:30.000000

statement ok
DROP TABLE test_interval_hour_second_arithmetic;
