# Test Case Name: TIMESTAMP类型NULL值测试
# Description: 测试TIMESTAMP类型的NULL值处理
# Category: datatype/timestamp

statement ok
DROP TABLE IF EXISTS test_timestamp_null;

statement ok
CREATE TABLE test_timestamp_null(
    id INT,
    nullable_timestamp TIMESTAMP,
    not_null_timestamp TIMESTAMP NOT NULL
);

statement ok
INSERT INTO test_timestamp_null VALUES(1, NULL, TIMESTAMP '2023-10-15 12:00:00');

statement ok
INSERT INTO test_timestamp_null VALUES(2, TIMESTAMP '2023-01-01 00:00:00', TIMESTAMP '2023-12-31 23:59:59');

query III
SELECT * FROM test_timestamp_null ORDER BY id;
----
1 NULL 2023-10-15 12:00:00.000000
2 2023-01-01 00:00:00.000000 2023-12-31 23:59:59.000000

query I
SELECT COUNT(*) FROM test_timestamp_null WHERE nullable_timestamp IS NULL;
----
1

statement ok
DROP TABLE test_timestamp_null;
